[
    {
        "_id": "643010e0f5a7e52ce1e8fa65",
        "name": "Jane Doe",
        "details": "Various versions have evolved over the years, sometimes by accident, sometimes on purpose (injected humour and the like). It is a long established fact that a reader will be distracted by the readable content of a page when looking at its layout.",
        "rating": 3
    },
    {
        "_id": "643010f9f5a7e52ce1e8fa66",
        "name": "John Doe",
        "details": "It is a long established fact that a reader will be distracted by the readable content of a page when looking at its layout. Various versions have evolved over the years, sometimes by accident, sometimes on purpose (injected humour and the like)",
        "rating": 2
    },
    {
        "_id": "6430110af5a7e52ce1e8fa67",
        "name": "MJ Doe",
        "details": "It is a long established fact that a reader will be distracted by the readable content of a page when looking at its layout. Various versions have evolved over the years, sometimes by accident, sometimes on purpose (injected humour and the like)",
        "rating": 5
    },
    {
        "_id": "64301123f5a7e52ce1e8fa68",
        "name": "Sarah Smith",
        "details": "I found the product to be incredibly useful and easy to use. The interface is intuitive, and it has all the features I need. Highly recommend it!",
        "rating": 4
    },
    {
        "_id": "6430113af5a7e52ce1e8fa69",
        "name": "Robert Johnson",
        "details": "This is by far the best service I have ever used. The customer support is outstanding, and the product itself is top-notch. I couldn't be happier!",
        "rating": 5
    }
]